"LOCATION","INDICATOR","SUBJECT","MEASURE","FREQUENCY","TIME","Value","Flag Codes"
"JPN","HHDI","GROSSADJ","USD_CAP","A","2007",24916.3811313874,
"JPN","HHDI","GROSSADJ","USD_CAP","A","2008",25393.9388735172,
"JPN","HHDI","GROSSADJ","USD_CAP","A","2009",25581.2188418266,
"JPN","HHDI","GROSSADJ","USD_CAP","A","2010",26402.0212615495,
"JPN","HHDI","GROSSADJ","USD_CAP","A","2011",27299.6736016452,
"JPN","HHDI","GROSSADJ","USD_CAP","A","2012",28447.4277034279,
"JPN","HHDI","GROSSADJ","USD_CAP","A","2013",30474.3522723057,
"JPN","HHDI","GROSSADJ","USD_CAP","A","2014",30032.2094939555,
"JPN","HHDI","GROSSADJ","USD_CAP","A","2015",30597.0276338189,
"JPN","HHDI","GROSSADJ","USD_CAP","A","2016",29290.3455991883,
"JPN","HHDI","GROSSADJ","USD_CAP","A","2017",29915.5926235433,
"JPN","HHDI","GROSSADJ","USD_CAP","A","2018",30777.4413527314,
"JPN","HHDI","GROSSADJ","USD_CAP","A","2019",30918.2139569988,
"JPN","HHDI","GROSSADJ","USD_CAP","A","2020",32673.0607293031,
"JPN","HHDI","GROSSADJ","USD_CAP","A","2021",32368.4234066942,
"NLD","HHDI","GROSSADJ","USD_CAP","A","2007",29186.9432167276,
"NLD","HHDI","GROSSADJ","USD_CAP","A","2008",30385.7648249351,
"NLD","HHDI","GROSSADJ","USD_CAP","A","2009",30119.9218011729,
"NLD","HHDI","GROSSADJ","USD_CAP","A","2010",29940.8084873073,
"NLD","HHDI","GROSSADJ","USD_CAP","A","2011",30360.1041808595,
"NLD","HHDI","GROSSADJ","USD_CAP","A","2012",31072.643726386,
"NLD","HHDI","GROSSADJ","USD_CAP","A","2013",31685.5544464571,
"NLD","HHDI","GROSSADJ","USD_CAP","A","2014",31934.9987011428,
"NLD","HHDI","GROSSADJ","USD_CAP","A","2015",32193.9574422192,
"NLD","HHDI","GROSSADJ","USD_CAP","A","2016",33258.2891477411,
"NLD","HHDI","GROSSADJ","USD_CAP","A","2017",34379.9581297719,
"NLD","HHDI","GROSSADJ","USD_CAP","A","2018",36263.6231113921,
"NLD","HHDI","GROSSADJ","USD_CAP","A","2019",38038.6382688688,
"NLD","HHDI","GROSSADJ","USD_CAP","A","2020",39703.217498366,
"NLD","HHDI","GROSSADJ","USD_CAP","A","2021",41258.3559005822,"E"
"CZE","HHDI","GROSSADJ","USD_CAP","A","2007",16992.2036766479,
"CZE","HHDI","GROSSADJ","USD_CAP","A","2008",17934.5260469879,
"CZE","HHDI","GROSSADJ","USD_CAP","A","2009",18629.1187017599,
"CZE","HHDI","GROSSADJ","USD_CAP","A","2010",19246.2639273033,
"CZE","HHDI","GROSSADJ","USD_CAP","A","2011",19394.281379418,
"CZE","HHDI","GROSSADJ","USD_CAP","A","2012",19842.0680912546,
"CZE","HHDI","GROSSADJ","USD_CAP","A","2013",20841.7471910034,
"CZE","HHDI","GROSSADJ","USD_CAP","A","2014",21889.7964426235,
"CZE","HHDI","GROSSADJ","USD_CAP","A","2015",22313.3932226,
"CZE","HHDI","GROSSADJ","USD_CAP","A","2016",23663.6652875739,
"CZE","HHDI","GROSSADJ","USD_CAP","A","2017",25424.300200146,
"CZE","HHDI","GROSSADJ","USD_CAP","A","2018",26770.8843323278,
"CZE","HHDI","GROSSADJ","USD_CAP","A","2019",28746.8509021746,
"CZE","HHDI","GROSSADJ","USD_CAP","A","2020",29167.7027914305,
"CZE","HHDI","GROSSADJ","USD_CAP","A","2021",30784.8692759531,
"DEU","HHDI","GROSSADJ","USD_CAP","A","2007",27926.1048511952,
"DEU","HHDI","GROSSADJ","USD_CAP","A","2008",29093.3431272611,
"DEU","HHDI","GROSSADJ","USD_CAP","A","2009",29162.2064520818,
"DEU","HHDI","GROSSADJ","USD_CAP","A","2010",30704.5582517415,
"DEU","HHDI","GROSSADJ","USD_CAP","A","2011",32107.4926965654,
"DEU","HHDI","GROSSADJ","USD_CAP","A","2012",33295.3906269424,
"DEU","HHDI","GROSSADJ","USD_CAP","A","2013",34223.5237813673,
"DEU","HHDI","GROSSADJ","USD_CAP","A","2014",35129.6869781155,
"DEU","HHDI","GROSSADJ","USD_CAP","A","2015",35492.3964342778,
"DEU","HHDI","GROSSADJ","USD_CAP","A","2016",37893.9618546332,
"DEU","HHDI","GROSSADJ","USD_CAP","A","2017",39272.160169021,
"DEU","HHDI","GROSSADJ","USD_CAP","A","2018",41169.929876663,
"DEU","HHDI","GROSSADJ","USD_CAP","A","2019",42752.8355990874,"E"
"DEU","HHDI","GROSSADJ","USD_CAP","A","2020",43760.2813642037,"E"
"DEU","HHDI","GROSSADJ","USD_CAP","A","2021",44443.7337518302,"E"
"GRC","HHDI","GROSSADJ","USD_CAP","A","2007",22952.8142421047,
"GRC","HHDI","GROSSADJ","USD_CAP","A","2008",24398.7280588958,
"GRC","HHDI","GROSSADJ","USD_CAP","A","2009",24535.0859587776,
"GRC","HHDI","GROSSADJ","USD_CAP","A","2010",22097.8895795815,"B"
"GRC","HHDI","GROSSADJ","USD_CAP","A","2011",20129.6853964051,
"GRC","HHDI","GROSSADJ","USD_CAP","A","2012",18709.57591201,
"GRC","HHDI","GROSSADJ","USD_CAP","A","2013",18672.503699539,
"GRC","HHDI","GROSSADJ","USD_CAP","A","2014",19285.9211138136,
"GRC","HHDI","GROSSADJ","USD_CAP","A","2015",19593.3364027354,
"GRC","HHDI","GROSSADJ","USD_CAP","A","2016",20285.6228963863,
"GRC","HHDI","GROSSADJ","USD_CAP","A","2017",20670.2957565597,
"GRC","HHDI","GROSSADJ","USD_CAP","A","2018",21202.7329067775,
"GRC","HHDI","GROSSADJ","USD_CAP","A","2019",22824.5968002525,"E"
"GRC","HHDI","GROSSADJ","USD_CAP","A","2020",22156.8145197232,"E"
"GRC","HHDI","GROSSADJ","USD_CAP","A","2021",23878.6406217554,"E"
"PRT","HHDI","GROSSADJ","USD_CAP","A","2007",20045.2991654123,
"PRT","HHDI","GROSSADJ","USD_CAP","A","2008",20962.2802400836,
"PRT","HHDI","GROSSADJ","USD_CAP","A","2009",21057.6977695092,
"PRT","HHDI","GROSSADJ","USD_CAP","A","2010",21540.8992455374,
"PRT","HHDI","GROSSADJ","USD_CAP","A","2011",20912.3618634376,
"PRT","HHDI","GROSSADJ","USD_CAP","A","2012",20930.6640899089,
"PRT","HHDI","GROSSADJ","USD_CAP","A","2013",21837.3289527493,
"PRT","HHDI","GROSSADJ","USD_CAP","A","2014",21837.8311403924,
"PRT","HHDI","GROSSADJ","USD_CAP","A","2015",22627.6719074527,
"PRT","HHDI","GROSSADJ","USD_CAP","A","2016",23946.1021582873,
"PRT","HHDI","GROSSADJ","USD_CAP","A","2017",24508.1272061617,
"PRT","HHDI","GROSSADJ","USD_CAP","A","2018",26052.4691717238,
"PRT","HHDI","GROSSADJ","USD_CAP","A","2019",27747.0439745432,
"PRT","HHDI","GROSSADJ","USD_CAP","A","2020",27334.1942392345,
"PRT","HHDI","GROSSADJ","USD_CAP","A","2021",28162.804671616,"E"
"AUS","HHDI","GROSSADJ","USD_CAP","A","2007",29524.3791077434,
"AUS","HHDI","GROSSADJ","USD_CAP","A","2008",31051.3231583895,
"AUS","HHDI","GROSSADJ","USD_CAP","A","2009",30789.6994280676,
"AUS","HHDI","GROSSADJ","USD_CAP","A","2010",32599.9985775794,
"AUS","HHDI","GROSSADJ","USD_CAP","A","2011",33941.0874400542,
"AUS","HHDI","GROSSADJ","USD_CAP","A","2012",33934.6140312227,
"AUS","HHDI","GROSSADJ","USD_CAP","A","2013",36048.4276330054,
"AUS","HHDI","GROSSADJ","USD_CAP","A","2014",36816.1292775518,
"AUS","HHDI","GROSSADJ","USD_CAP","A","2015",37553.1967013718,
"AUS","HHDI","GROSSADJ","USD_CAP","A","2016",38951.6063326653,
"AUS","HHDI","GROSSADJ","USD_CAP","A","2017",38813.7397010069,
"AUS","HHDI","GROSSADJ","USD_CAP","A","2018",39522.0089713121,
"AUS","HHDI","GROSSADJ","USD_CAP","A","2019",40000.9749568813,
"AUS","HHDI","GROSSADJ","USD_CAP","A","2020",42423.4251354672,
"AUS","HHDI","GROSSADJ","USD_CAP","A","2021",45052.2970176245,
"CHL","HHDI","GROSSADJ","USD_CAP","A","2007",10216.6989793122,
"CHL","HHDI","GROSSADJ","USD_CAP","A","2008",11154.0929223531,
"CHL","HHDI","GROSSADJ","USD_CAP","A","2009",11106.2665453651,
"CHL","HHDI","GROSSADJ","USD_CAP","A","2010",11991.9529210667,
"CHL","HHDI","GROSSADJ","USD_CAP","A","2011",13349.6207468583,
"CHL","HHDI","GROSSADJ","USD_CAP","A","2012",14873.1477708486,
"CHL","HHDI","GROSSADJ","USD_CAP","A","2013",15937.1450363971,
"CHL","HHDI","GROSSADJ","USD_CAP","A","2014",16106.5385098906,
"CHL","HHDI","GROSSADJ","USD_CAP","A","2015",15766.6425539399,
"CHL","HHDI","GROSSADJ","USD_CAP","A","2016",16718.8996284211,
"CHL","HHDI","GROSSADJ","USD_CAP","A","2017",16874.5754201648,
"CHL","HHDI","GROSSADJ","USD_CAP","A","2018",17977.7554006773,
"CHL","HHDI","GROSSADJ","USD_CAP","A","2019",18768.1799040115,
"CHL","HHDI","GROSSADJ","USD_CAP","A","2020",20602.7146299149,
"CHL","HHDI","GROSSADJ","USD_CAP","A","2021",22274.7375775607,
"ITA","HHDI","GROSSADJ","USD_CAP","A","2007",26195.8893268222,
"ITA","HHDI","GROSSADJ","USD_CAP","A","2008",27278.6877676168,
"ITA","HHDI","GROSSADJ","USD_CAP","A","2009",26562.2675926709,
"ITA","HHDI","GROSSADJ","USD_CAP","A","2010",27571.6441374622,
"ITA","HHDI","GROSSADJ","USD_CAP","A","2011",27784.7962102831,
"ITA","HHDI","GROSSADJ","USD_CAP","A","2012",27218.0306179349,
"ITA","HHDI","GROSSADJ","USD_CAP","A","2013",27534.8619152625,
"ITA","HHDI","GROSSADJ","USD_CAP","A","2014",27373.3502265311,
"ITA","HHDI","GROSSADJ","USD_CAP","A","2015",27712.0793376367,
"ITA","HHDI","GROSSADJ","USD_CAP","A","2016",29475.2915213786,
"ITA","HHDI","GROSSADJ","USD_CAP","A","2017",30434.9588642575,
"ITA","HHDI","GROSSADJ","USD_CAP","A","2018",31469.1369477447,
"ITA","HHDI","GROSSADJ","USD_CAP","A","2019",33054.3724703305,
"ITA","HHDI","GROSSADJ","USD_CAP","A","2020",33046.595036423,
"ITA","HHDI","GROSSADJ","USD_CAP","A","2021",34227.0980545566,
"CAN","HHDI","GROSSADJ","USD_CAP","A","2007",26587.7143310442,"E"
"CAN","HHDI","GROSSADJ","USD_CAP","A","2008",27380.749872019,"E"
"CAN","HHDI","GROSSADJ","USD_CAP","A","2009",27327.3240987425,"E"
"CAN","HHDI","GROSSADJ","USD_CAP","A","2010",28472.1042123442,"E"
"CAN","HHDI","GROSSADJ","USD_CAP","A","2011",29113.9573353463,"E"
"CAN","HHDI","GROSSADJ","USD_CAP","A","2012",29745.7205182537,"E"
"CAN","HHDI","GROSSADJ","USD_CAP","A","2013",30676.6738575626,"E"
"CAN","HHDI","GROSSADJ","USD_CAP","A","2014",31379.9103324558,"E"
"CAN","HHDI","GROSSADJ","USD_CAP","A","2015",31939.5398254005,"E"
"CAN","HHDI","GROSSADJ","USD_CAP","A","2016",33594.3016547497,"E"
"CAN","HHDI","GROSSADJ","USD_CAP","A","2017",34554.2781197279,"E"
"CAN","HHDI","GROSSADJ","USD_CAP","A","2018",35338.5167004454,"E"
"CAN","HHDI","GROSSADJ","USD_CAP","A","2019",34928.1382585596,"E"
"CAN","HHDI","GROSSADJ","USD_CAP","A","2020",37643.5966686405,"E"
"CAN","HHDI","GROSSADJ","USD_CAP","A","2021",38871.1892418458,"E"
"SVN","HHDI","GROSSADJ","USD_CAP","A","2007",19342.443444056,
"SVN","HHDI","GROSSADJ","USD_CAP","A","2008",20688.6782967057,"B"
"SVN","HHDI","GROSSADJ","USD_CAP","A","2009",19856.9829114564,
"SVN","HHDI","GROSSADJ","USD_CAP","A","2010",20514.5615964384,
"SVN","HHDI","GROSSADJ","USD_CAP","A","2011",21101.6947420126,
"SVN","HHDI","GROSSADJ","USD_CAP","A","2012",21099.8159503327,
"SVN","HHDI","GROSSADJ","USD_CAP","A","2013",21370.2866124536,
"SVN","HHDI","GROSSADJ","USD_CAP","A","2014",21463.6483836056,
"SVN","HHDI","GROSSADJ","USD_CAP","A","2015",21849.1224395046,
"SVN","HHDI","GROSSADJ","USD_CAP","A","2016",23387.7505619115,
"SVN","HHDI","GROSSADJ","USD_CAP","A","2017",24665.9046039776,
"SVN","HHDI","GROSSADJ","USD_CAP","A","2018",26141.8092763045,
"SVN","HHDI","GROSSADJ","USD_CAP","A","2019",28202.9437834944,
"SVN","HHDI","GROSSADJ","USD_CAP","A","2020",29489.2970459108,
"SVN","HHDI","GROSSADJ","USD_CAP","A","2021",30892.5965373471,
"CHE","HHDI","GROSSADJ","USD_CAP","A","2007",33190.9992904187,
"CHE","HHDI","GROSSADJ","USD_CAP","A","2008",34749.2799148584,
"CHE","HHDI","GROSSADJ","USD_CAP","A","2009",34952.9013400237,
"CHE","HHDI","GROSSADJ","USD_CAP","A","2010",35143.9620772218,
"CHE","HHDI","GROSSADJ","USD_CAP","A","2011",35755.518481145,
"CHE","HHDI","GROSSADJ","USD_CAP","A","2012",37098.346737892,
"CHE","HHDI","GROSSADJ","USD_CAP","A","2013",38885.3214919277,
"CHE","HHDI","GROSSADJ","USD_CAP","A","2014",39673.3552406656,
"CHE","HHDI","GROSSADJ","USD_CAP","A","2015",40101.2229251717,
"CHE","HHDI","GROSSADJ","USD_CAP","A","2016",41097.6293085795,
"CHE","HHDI","GROSSADJ","USD_CAP","A","2017",40421.3445123861,
"CHE","HHDI","GROSSADJ","USD_CAP","A","2018",41191.335145542,
"CHE","HHDI","GROSSADJ","USD_CAP","A","2019",42806.0153351091,
"CHE","HHDI","GROSSADJ","USD_CAP","A","2020",43637.3093659775,"E"
"CHE","HHDI","GROSSADJ","USD_CAP","A","2021",44406.8707499174,"E"
"SVK","HHDI","GROSSADJ","USD_CAP","A","2007",14208.5974266184,
"SVK","HHDI","GROSSADJ","USD_CAP","A","2008",16057.5025318877,
"SVK","HHDI","GROSSADJ","USD_CAP","A","2009",16397.9920171721,
"SVK","HHDI","GROSSADJ","USD_CAP","A","2010",18167.631520249,
"SVK","HHDI","GROSSADJ","USD_CAP","A","2011",18149.4152466417,
"SVK","HHDI","GROSSADJ","USD_CAP","A","2012",18730.3588332011,
"SVK","HHDI","GROSSADJ","USD_CAP","A","2013",19313.8615727626,
"SVK","HHDI","GROSSADJ","USD_CAP","A","2014",19547.5004635222,
"SVK","HHDI","GROSSADJ","USD_CAP","A","2015",20429.6911624193,
"SVK","HHDI","GROSSADJ","USD_CAP","A","2016",19929.4241270533,
"SVK","HHDI","GROSSADJ","USD_CAP","A","2017",20040.4252565413,
"SVK","HHDI","GROSSADJ","USD_CAP","A","2018",21195.0004128374,
"SVK","HHDI","GROSSADJ","USD_CAP","A","2019",22840.5205815057,
"SVK","HHDI","GROSSADJ","USD_CAP","A","2020",23075.9912421306,
"SVK","HHDI","GROSSADJ","USD_CAP","A","2021",23804.9624470041,
"IRL","HHDI","GROSSADJ","USD_CAP","A","2007",25428.3310202164,
"IRL","HHDI","GROSSADJ","USD_CAP","A","2008",26122.2580456354,
"IRL","HHDI","GROSSADJ","USD_CAP","A","2009",24867.7956788863,
"IRL","HHDI","GROSSADJ","USD_CAP","A","2010",25652.910179167,
"IRL","HHDI","GROSSADJ","USD_CAP","A","2011",24627.0603862338,
"IRL","HHDI","GROSSADJ","USD_CAP","A","2012",25361.1710239569,
"IRL","HHDI","GROSSADJ","USD_CAP","A","2013",25043.7573896654,
"IRL","HHDI","GROSSADJ","USD_CAP","A","2014",24714.5568262461,
"IRL","HHDI","GROSSADJ","USD_CAP","A","2015",25600.0521262605,
"IRL","HHDI","GROSSADJ","USD_CAP","A","2016",27110.9970518298,
"IRL","HHDI","GROSSADJ","USD_CAP","A","2017",28262.878069452,
"IRL","HHDI","GROSSADJ","USD_CAP","A","2018",29187.3214877702,
"IRL","HHDI","GROSSADJ","USD_CAP","A","2019",30885.3295253586,
"IRL","HHDI","GROSSADJ","USD_CAP","A","2020",31761.5850644741,
"IRL","HHDI","GROSSADJ","USD_CAP","A","2021",33017.668220416,
"MEX","HHDI","GROSSADJ","USD_CAP","A","2007",11899.969067255,
"MEX","HHDI","GROSSADJ","USD_CAP","A","2008",12568.1671610104,
"MEX","HHDI","GROSSADJ","USD_CAP","A","2009",12607.3875540451,
"MEX","HHDI","GROSSADJ","USD_CAP","A","2010",13016.870200678,
"MEX","HHDI","GROSSADJ","USD_CAP","A","2011",14019.8091528035,
"MEX","HHDI","GROSSADJ","USD_CAP","A","2012",14254.2918806315,
"MEX","HHDI","GROSSADJ","USD_CAP","A","2013",14573.6425152634,
"MEX","HHDI","GROSSADJ","USD_CAP","A","2014",15097.5994696487,
"MEX","HHDI","GROSSADJ","USD_CAP","A","2015",16019.1715786225,
"MEX","HHDI","GROSSADJ","USD_CAP","A","2016",17120.3791370086,
"MEX","HHDI","GROSSADJ","USD_CAP","A","2017",16924.6331971956,
"MEX","HHDI","GROSSADJ","USD_CAP","A","2018",17156.3584026637,
"MEX","HHDI","GROSSADJ","USD_CAP","A","2019",17315.8632417158,
"MEX","HHDI","GROSSADJ","USD_CAP","A","2020",16348.7933845055,
"MEX","HHDI","GROSSADJ","USD_CAP","A","2021",17324.3801847111,
"POL","HHDI","GROSSADJ","USD_CAP","A","2007",12779.7706927998,
"POL","HHDI","GROSSADJ","USD_CAP","A","2008",13760.1530006076,
"POL","HHDI","GROSSADJ","USD_CAP","A","2009",14415.7390323639,
"POL","HHDI","GROSSADJ","USD_CAP","A","2010",16204.6934515309,
"POL","HHDI","GROSSADJ","USD_CAP","A","2011",16963.4932694109,
"POL","HHDI","GROSSADJ","USD_CAP","A","2012",18043.9567992957,
"POL","HHDI","GROSSADJ","USD_CAP","A","2013",18512.5629233857,
"POL","HHDI","GROSSADJ","USD_CAP","A","2014",19291.6962637042,
"POL","HHDI","GROSSADJ","USD_CAP","A","2015",19960.5941042204,
"POL","HHDI","GROSSADJ","USD_CAP","A","2016",21330.6845599285,
"POL","HHDI","GROSSADJ","USD_CAP","A","2017",22072.0200676119,
"POL","HHDI","GROSSADJ","USD_CAP","A","2018",23176.7130490423,
"POL","HHDI","GROSSADJ","USD_CAP","A","2019",25081.2932390649,
"POL","HHDI","GROSSADJ","USD_CAP","A","2020",26686.1865933566,
"POL","HHDI","GROSSADJ","USD_CAP","A","2021",26199.3032720317,
"BEL","HHDI","GROSSADJ","USD_CAP","A","2007",26344.8763605096,
"BEL","HHDI","GROSSADJ","USD_CAP","A","2008",27855.5616655671,
"BEL","HHDI","GROSSADJ","USD_CAP","A","2009",27868.5374158565,
"BEL","HHDI","GROSSADJ","USD_CAP","A","2010",28779.4539984626,
"BEL","HHDI","GROSSADJ","USD_CAP","A","2011",29401.733558232,
"BEL","HHDI","GROSSADJ","USD_CAP","A","2012",30451.084634254,
"BEL","HHDI","GROSSADJ","USD_CAP","A","2013",31616.3791892908,
"BEL","HHDI","GROSSADJ","USD_CAP","A","2014",32229.0357017547,
"BEL","HHDI","GROSSADJ","USD_CAP","A","2015",32596.7529692703,
"BEL","HHDI","GROSSADJ","USD_CAP","A","2016",33824.037119115,
"BEL","HHDI","GROSSADJ","USD_CAP","A","2017",34777.2243507391,
"BEL","HHDI","GROSSADJ","USD_CAP","A","2018",35932.8893005777,
"BEL","HHDI","GROSSADJ","USD_CAP","A","2019",38140.756108611,
"BEL","HHDI","GROSSADJ","USD_CAP","A","2020",39526.3078473463,"E"
"BEL","HHDI","GROSSADJ","USD_CAP","A","2021",40778.7972305131,"E"
"SWE","HHDI","GROSSADJ","USD_CAP","A","2007",25738.9814556013,
"SWE","HHDI","GROSSADJ","USD_CAP","A","2008",27299.4719903457,
"SWE","HHDI","GROSSADJ","USD_CAP","A","2009",27267.4923466228,
"SWE","HHDI","GROSSADJ","USD_CAP","A","2010",27803.1072259192,
"SWE","HHDI","GROSSADJ","USD_CAP","A","2011",28934.1725000991,
"SWE","HHDI","GROSSADJ","USD_CAP","A","2012",30565.8161485949,
"SWE","HHDI","GROSSADJ","USD_CAP","A","2013",30645.2417356805,
"SWE","HHDI","GROSSADJ","USD_CAP","A","2014",31112.0448611177,
"SWE","HHDI","GROSSADJ","USD_CAP","A","2015",31745.7773891178,
"SWE","HHDI","GROSSADJ","USD_CAP","A","2016",32921.1457324689,
"SWE","HHDI","GROSSADJ","USD_CAP","A","2017",33389.3591869523,
"SWE","HHDI","GROSSADJ","USD_CAP","A","2018",34174.3383788914,
"SWE","HHDI","GROSSADJ","USD_CAP","A","2019",35654.6132506947,
"SWE","HHDI","GROSSADJ","USD_CAP","A","2020",35622.1579583838,
"SWE","HHDI","GROSSADJ","USD_CAP","A","2021",36993.1734424448,
"ESP","HHDI","GROSSADJ","USD_CAP","A","2007",22364.8250364156,
"ESP","HHDI","GROSSADJ","USD_CAP","A","2008",23317.348625525,
"ESP","HHDI","GROSSADJ","USD_CAP","A","2009",22991.2041823045,
"ESP","HHDI","GROSSADJ","USD_CAP","A","2010",22897.5511488067,
"ESP","HHDI","GROSSADJ","USD_CAP","A","2011",22982.971416413,
"ESP","HHDI","GROSSADJ","USD_CAP","A","2012",22402.2051335687,
"ESP","HHDI","GROSSADJ","USD_CAP","A","2013",23021.399352256,
"ESP","HHDI","GROSSADJ","USD_CAP","A","2014",23479.1030734388,
"ESP","HHDI","GROSSADJ","USD_CAP","A","2015",24640.7765484176,
"ESP","HHDI","GROSSADJ","USD_CAP","A","2016",26018.3906627201,
"ESP","HHDI","GROSSADJ","USD_CAP","A","2017",27136.4617871495,
"ESP","HHDI","GROSSADJ","USD_CAP","A","2018",27746.2357558076,
"ESP","HHDI","GROSSADJ","USD_CAP","A","2019",29804.618270424,
"ESP","HHDI","GROSSADJ","USD_CAP","A","2020",28802.2828959358,
"ESP","HHDI","GROSSADJ","USD_CAP","A","2021",29547.6779898864,"E"
"EST","HHDI","GROSSADJ","USD_CAP","A","2007",13398.3938135673,
"EST","HHDI","GROSSADJ","USD_CAP","A","2008",15100.4988501364,
"EST","HHDI","GROSSADJ","USD_CAP","A","2009",14353.0411603165,
"EST","HHDI","GROSSADJ","USD_CAP","A","2010",14690.8505453895,
"EST","HHDI","GROSSADJ","USD_CAP","A","2011",15645.2209917286,
"EST","HHDI","GROSSADJ","USD_CAP","A","2012",16236.751515705,
"EST","HHDI","GROSSADJ","USD_CAP","A","2013",17465.7408318809,
"EST","HHDI","GROSSADJ","USD_CAP","A","2014",18319.1519276539,
"EST","HHDI","GROSSADJ","USD_CAP","A","2015",19321.3291478592,
"EST","HHDI","GROSSADJ","USD_CAP","A","2016",20727.3170053457,
"EST","HHDI","GROSSADJ","USD_CAP","A","2017",21826.4676290509,
"EST","HHDI","GROSSADJ","USD_CAP","A","2018",23485.9900508542,
"EST","HHDI","GROSSADJ","USD_CAP","A","2019",24916.1181632281,
"EST","HHDI","GROSSADJ","USD_CAP","A","2020",25793.0876189579,
"EST","HHDI","GROSSADJ","USD_CAP","A","2021",26945.2848959443,
"NOR","HHDI","GROSSADJ","USD_CAP","A","2007",28473.5110543008,
"NOR","HHDI","GROSSADJ","USD_CAP","A","2008",29772.3011634362,
"NOR","HHDI","GROSSADJ","USD_CAP","A","2009",30494.5738619126,
"NOR","HHDI","GROSSADJ","USD_CAP","A","2010",31286.6999099862,
"NOR","HHDI","GROSSADJ","USD_CAP","A","2011",32290.4705672169,
"NOR","HHDI","GROSSADJ","USD_CAP","A","2012",33728.8372040277,
"NOR","HHDI","GROSSADJ","USD_CAP","A","2013",35727.9216883881,
"NOR","HHDI","GROSSADJ","USD_CAP","A","2014",36475.0995000899,
"NOR","HHDI","GROSSADJ","USD_CAP","A","2015",36417.8177885806,
"NOR","HHDI","GROSSADJ","USD_CAP","A","2016",36933.1220070835,
"NOR","HHDI","GROSSADJ","USD_CAP","A","2017",39225.3396381929,
"NOR","HHDI","GROSSADJ","USD_CAP","A","2018",40477.564536595,
"NOR","HHDI","GROSSADJ","USD_CAP","A","2019",41853.0727927559,
"NOR","HHDI","GROSSADJ","USD_CAP","A","2020",41855.0660847453,
"NOR","HHDI","GROSSADJ","USD_CAP","A","2021",43850.8234843026,
"KOR","HHDI","GROSSADJ","USD_CAP","A","2007",17814.6029344014,
"KOR","HHDI","GROSSADJ","USD_CAP","A","2008",18514.726674674,
"KOR","HHDI","GROSSADJ","USD_CAP","A","2009",18642.4285182529,
"KOR","HHDI","GROSSADJ","USD_CAP","A","2010",19674.9886129723,
"KOR","HHDI","GROSSADJ","USD_CAP","A","2011",20438.864741522,
"KOR","HHDI","GROSSADJ","USD_CAP","A","2012",21244.0412479003,
"KOR","HHDI","GROSSADJ","USD_CAP","A","2013",21573.3199078738,
"KOR","HHDI","GROSSADJ","USD_CAP","A","2014",21915.9557767694,
"KOR","HHDI","GROSSADJ","USD_CAP","A","2015",23958.2968282339,
"KOR","HHDI","GROSSADJ","USD_CAP","A","2016",24190.5977330586,
"KOR","HHDI","GROSSADJ","USD_CAP","A","2017",24484.53503831,
"KOR","HHDI","GROSSADJ","USD_CAP","A","2018",25736.626905859,
"KOR","HHDI","GROSSADJ","USD_CAP","A","2019",26307.2791629751,
"KOR","HHDI","GROSSADJ","USD_CAP","A","2020",27892.3807884638,
"KOR","HHDI","GROSSADJ","USD_CAP","A","2021",28672.050990317,
"GBR","HHDI","GROSSADJ","USD_CAP","A","2007",26564.4881554604,
"GBR","HHDI","GROSSADJ","USD_CAP","A","2008",27163.0831779131,
"GBR","HHDI","GROSSADJ","USD_CAP","A","2009",26910.6475885457,
"GBR","HHDI","GROSSADJ","USD_CAP","A","2010",27632.9377767968,
"GBR","HHDI","GROSSADJ","USD_CAP","A","2011",27563.1040958994,
"GBR","HHDI","GROSSADJ","USD_CAP","A","2012",28630.6462837624,
"GBR","HHDI","GROSSADJ","USD_CAP","A","2013",29252.6844068104,
"GBR","HHDI","GROSSADJ","USD_CAP","A","2014",29726.9653840956,
"GBR","HHDI","GROSSADJ","USD_CAP","A","2015",30915.3038284633,
"GBR","HHDI","GROSSADJ","USD_CAP","A","2016",31697.7679008483,
"GBR","HHDI","GROSSADJ","USD_CAP","A","2017",32417.6286543526,
"GBR","HHDI","GROSSADJ","USD_CAP","A","2018",33296.7681524208,
"GBR","HHDI","GROSSADJ","USD_CAP","A","2019",34823.1124761365,
"GBR","HHDI","GROSSADJ","USD_CAP","A","2020",34909.4662524586,
"GBR","HHDI","GROSSADJ","USD_CAP","A","2021",36793.1553969446,
"USA","HHDI","GROSSADJ","USD_CAP","A","2007",38661.9922670503,
"USA","HHDI","GROSSADJ","USD_CAP","A","2008",40004.9832010586,
"USA","HHDI","GROSSADJ","USD_CAP","A","2009",39622.4592859003,
"USA","HHDI","GROSSADJ","USD_CAP","A","2010",40752.9956558083,
"USA","HHDI","GROSSADJ","USD_CAP","A","2011",42186.8569013273,
"USA","HHDI","GROSSADJ","USD_CAP","A","2012",43903.2412931925,
"USA","HHDI","GROSSADJ","USD_CAP","A","2013",43860.8338657643,
"USA","HHDI","GROSSADJ","USD_CAP","A","2014",45786.2932500211,
"USA","HHDI","GROSSADJ","USD_CAP","A","2015",47228.4902068529,
"USA","HHDI","GROSSADJ","USD_CAP","A","2016",48258.3778946363,
"USA","HHDI","GROSSADJ","USD_CAP","A","2017",50047.2032368598,
"USA","HHDI","GROSSADJ","USD_CAP","A","2018",52451.2967967785,
"USA","HHDI","GROSSADJ","USD_CAP","A","2019",54747.1648649221,
"USA","HHDI","GROSSADJ","USD_CAP","A","2020",58653.4333450888,
"USA","HHDI","GROSSADJ","USD_CAP","A","2021",62334.1697314675,
"HUN","HHDI","GROSSADJ","USD_CAP","A","2007",13603.5164642203,
"HUN","HHDI","GROSSADJ","USD_CAP","A","2008",14139.7397830801,
"HUN","HHDI","GROSSADJ","USD_CAP","A","2009",14246.6040046809,
"HUN","HHDI","GROSSADJ","USD_CAP","A","2010",15220.7381879418,
"HUN","HHDI","GROSSADJ","USD_CAP","A","2011",16287.5735002264,
"HUN","HHDI","GROSSADJ","USD_CAP","A","2012",16531.7521255845,
"HUN","HHDI","GROSSADJ","USD_CAP","A","2013",17193.9172733869,
"HUN","HHDI","GROSSADJ","USD_CAP","A","2014",17543.0656817193,
"HUN","HHDI","GROSSADJ","USD_CAP","A","2015",17974.1857660738,
"HUN","HHDI","GROSSADJ","USD_CAP","A","2016",18933.3220072533,
"HUN","HHDI","GROSSADJ","USD_CAP","A","2017",19791.3476692934,
"HUN","HHDI","GROSSADJ","USD_CAP","A","2018",21482.3179355094,
"HUN","HHDI","GROSSADJ","USD_CAP","A","2019",23137.5420068115,
"HUN","HHDI","GROSSADJ","USD_CAP","A","2020",23316.0521861173,
"HUN","HHDI","GROSSADJ","USD_CAP","A","2021",25051.2442107623,"E"
"FIN","HHDI","GROSSADJ","USD_CAP","A","2007",24261.6248388968,
"FIN","HHDI","GROSSADJ","USD_CAP","A","2008",25978.2415448409,
"FIN","HHDI","GROSSADJ","USD_CAP","A","2009",26334.7298434393,
"FIN","HHDI","GROSSADJ","USD_CAP","A","2010",27630.5537928286,
"FIN","HHDI","GROSSADJ","USD_CAP","A","2011",28489.4495067786,
"FIN","HHDI","GROSSADJ","USD_CAP","A","2012",29373.983871873,
"FIN","HHDI","GROSSADJ","USD_CAP","A","2013",30093.2105440337,
"FIN","HHDI","GROSSADJ","USD_CAP","A","2014",30263.2133645628,
"FIN","HHDI","GROSSADJ","USD_CAP","A","2015",30849.1223441098,
"FIN","HHDI","GROSSADJ","USD_CAP","A","2016",32273.2230052653,
"FIN","HHDI","GROSSADJ","USD_CAP","A","2017",33377.1258240619,
"FIN","HHDI","GROSSADJ","USD_CAP","A","2018",34675.1907182505,
"FIN","HHDI","GROSSADJ","USD_CAP","A","2019",36302.8561410262,
"FIN","HHDI","GROSSADJ","USD_CAP","A","2020",37106.5203090036,
"FIN","HHDI","GROSSADJ","USD_CAP","A","2021",37699.0627043811,
"AUT","HHDI","GROSSADJ","USD_CAP","A","2007",29403.5290818421,
"AUT","HHDI","GROSSADJ","USD_CAP","A","2008",30475.132374413,
"AUT","HHDI","GROSSADJ","USD_CAP","A","2009",30400.9903274413,
"AUT","HHDI","GROSSADJ","USD_CAP","A","2010",31177.5325711971,
"AUT","HHDI","GROSSADJ","USD_CAP","A","2011",31746.4848535024,
"AUT","HHDI","GROSSADJ","USD_CAP","A","2012",33296.5271462556,
"AUT","HHDI","GROSSADJ","USD_CAP","A","2013",33971.8234744652,
"AUT","HHDI","GROSSADJ","USD_CAP","A","2014",34326.2291407177,
"AUT","HHDI","GROSSADJ","USD_CAP","A","2015",34413.5343174674,
"AUT","HHDI","GROSSADJ","USD_CAP","A","2016",36227.9556316761,
"AUT","HHDI","GROSSADJ","USD_CAP","A","2017",36984.3120142911,
"AUT","HHDI","GROSSADJ","USD_CAP","A","2018",38190.8705617069,
"AUT","HHDI","GROSSADJ","USD_CAP","A","2019",40065.8552764624,
"AUT","HHDI","GROSSADJ","USD_CAP","A","2020",39851.8889882896,
"AUT","HHDI","GROSSADJ","USD_CAP","A","2021",41858.5056059157,
"LUX","HHDI","GROSSADJ","USD_CAP","A","2007",36911.9332419393,
"LUX","HHDI","GROSSADJ","USD_CAP","A","2008",38702.354925876,
"LUX","HHDI","GROSSADJ","USD_CAP","A","2009",38479.5943239623,
"LUX","HHDI","GROSSADJ","USD_CAP","A","2010",37908.7433613473,
"LUX","HHDI","GROSSADJ","USD_CAP","A","2011",39248.2889605426,
"LUX","HHDI","GROSSADJ","USD_CAP","A","2012",40660.6660862493,
"LUX","HHDI","GROSSADJ","USD_CAP","A","2013",43403.071752342,
"LUX","HHDI","GROSSADJ","USD_CAP","A","2014",43282.8569417899,
"LUX","HHDI","GROSSADJ","USD_CAP","A","2015",43476.1403979943,
"LUX","HHDI","GROSSADJ","USD_CAP","A","2016",44505.6035513456,
"LUX","HHDI","GROSSADJ","USD_CAP","A","2017",46535.0945475953,
"LUX","HHDI","GROSSADJ","USD_CAP","A","2018",48794.2367830408,
"LUX","HHDI","GROSSADJ","USD_CAP","A","2019",50089.4349681677,
"LUX","HHDI","GROSSADJ","USD_CAP","A","2020",50856.6231743111,
"LUX","HHDI","GROSSADJ","USD_CAP","A","2021",51465.379629899,
"FRA","HHDI","GROSSADJ","USD_CAP","A","2007",26992.0668668151,
"FRA","HHDI","GROSSADJ","USD_CAP","A","2008",27756.5303694484,
"FRA","HHDI","GROSSADJ","USD_CAP","A","2009",27878.783870168,
"FRA","HHDI","GROSSADJ","USD_CAP","A","2010",29168.8848984543,
"FRA","HHDI","GROSSADJ","USD_CAP","A","2011",29757.8903248459,
"FRA","HHDI","GROSSADJ","USD_CAP","A","2012",30369.3747884718,
"FRA","HHDI","GROSSADJ","USD_CAP","A","2013",31388.0207749005,
"FRA","HHDI","GROSSADJ","USD_CAP","A","2014",31699.9141206895,
"FRA","HHDI","GROSSADJ","USD_CAP","A","2015",31890.7023268608,
"FRA","HHDI","GROSSADJ","USD_CAP","A","2016",33550.6700073678,
"FRA","HHDI","GROSSADJ","USD_CAP","A","2017",34316.3133231532,
"FRA","HHDI","GROSSADJ","USD_CAP","A","2018",35280.4130143154,
"FRA","HHDI","GROSSADJ","USD_CAP","A","2019",37576.941750325,
"FRA","HHDI","GROSSADJ","USD_CAP","A","2020",38534.4402559513,"E"
"FRA","HHDI","GROSSADJ","USD_CAP","A","2021",39851.5142894296,"E"
"NZL","HHDI","GROSSADJ","USD_CAP","A","2007",20622.430444128,
"NZL","HHDI","GROSSADJ","USD_CAP","A","2008",21181.8124509348,
"NZL","HHDI","GROSSADJ","USD_CAP","A","2009",21493.445565578,
"NZL","HHDI","GROSSADJ","USD_CAP","A","2010",22208.6179978369,
"NZL","HHDI","GROSSADJ","USD_CAP","A","2011",23343.7015402789,
"NZL","HHDI","GROSSADJ","USD_CAP","A","2012",23864.9975499336,
"NZL","HHDI","GROSSADJ","USD_CAP","A","2013",24794.4400239715,
"NZL","HHDI","GROSSADJ","USD_CAP","A","2014",24986.6895967349,
"NZL","HHDI","GROSSADJ","USD_CAP","A","2015",25507.7308466571,
"NZL","HHDI","GROSSADJ","USD_CAP","A","2016",27383.1380016027,
"NZL","HHDI","GROSSADJ","USD_CAP","A","2017",28766.3469770512,
"NZL","HHDI","GROSSADJ","USD_CAP","A","2018",29567.1757453887,
"NZL","HHDI","GROSSADJ","USD_CAP","A","2019",32605.6902882177,
"DNK","HHDI","GROSSADJ","USD_CAP","A","2007",23709.7214556707,
"DNK","HHDI","GROSSADJ","USD_CAP","A","2008",24628.5000223929,
"DNK","HHDI","GROSSADJ","USD_CAP","A","2009",25269.4115683377,
"DNK","HHDI","GROSSADJ","USD_CAP","A","2010",27066.7323754663,
"DNK","HHDI","GROSSADJ","USD_CAP","A","2011",27671.8631486807,
"DNK","HHDI","GROSSADJ","USD_CAP","A","2012",28226.796578206,
"DNK","HHDI","GROSSADJ","USD_CAP","A","2013",29302.6636572859,
"DNK","HHDI","GROSSADJ","USD_CAP","A","2014",29543.8327968615,
"DNK","HHDI","GROSSADJ","USD_CAP","A","2015",30507.1829275656,
"DNK","HHDI","GROSSADJ","USD_CAP","A","2016",31950.5301364607,
"DNK","HHDI","GROSSADJ","USD_CAP","A","2017",33441.2777459902,
"DNK","HHDI","GROSSADJ","USD_CAP","A","2018",34714.1638787589,
"DNK","HHDI","GROSSADJ","USD_CAP","A","2019",36126.0856648821,
"DNK","HHDI","GROSSADJ","USD_CAP","A","2020",36639.3548119929,
"DNK","HHDI","GROSSADJ","USD_CAP","A","2021",37395.2678014276,
"LVA","HHDI","GROSSADJ","USD_CAP","A","2007",13236.4590278681,
"LVA","HHDI","GROSSADJ","USD_CAP","A","2008",14681.8275756788,
"LVA","HHDI","GROSSADJ","USD_CAP","A","2009",12783.556847413,
"LVA","HHDI","GROSSADJ","USD_CAP","A","2010",13304.413241548,
"LVA","HHDI","GROSSADJ","USD_CAP","A","2011",13227.5267602783,
"LVA","HHDI","GROSSADJ","USD_CAP","A","2012",14457.2565638527,
"LVA","HHDI","GROSSADJ","USD_CAP","A","2013",15351.1414007683,
"LVA","HHDI","GROSSADJ","USD_CAP","A","2014",16226.3362357635,
"LVA","HHDI","GROSSADJ","USD_CAP","A","2015",17350.2032922342,
"LVA","HHDI","GROSSADJ","USD_CAP","A","2016",18769.0733832418,
"LVA","HHDI","GROSSADJ","USD_CAP","A","2017",19936.9326307317,
"LVA","HHDI","GROSSADJ","USD_CAP","A","2018",21259.527297963,
"LVA","HHDI","GROSSADJ","USD_CAP","A","2019",22763.7226977441,
"LVA","HHDI","GROSSADJ","USD_CAP","A","2020",23596.9652075953,
"LVA","HHDI","GROSSADJ","USD_CAP","A","2021",25734.730541891,
"TUR","HHDI","GROSSADJ","USD_CAP","A","2009",11766.756782369,
"TUR","HHDI","GROSSADJ","USD_CAP","A","2010",13264.283693376,
"TUR","HHDI","GROSSADJ","USD_CAP","A","2011",14997.2659132168,
"TUR","HHDI","GROSSADJ","USD_CAP","A","2012",15597.3217850794,
"TUR","HHDI","GROSSADJ","USD_CAP","A","2013",17002.3963411323,
"TUR","HHDI","GROSSADJ","USD_CAP","A","2014",18268.4585990592,
"TUR","HHDI","GROSSADJ","USD_CAP","A","2015",19693.675138809,
"TUR","HHDI","GROSSADJ","USD_CAP","A","2016",20641.0129385635,
"TUR","HHDI","GROSSADJ","USD_CAP","A","2017",21799.9781003222,
"LTU","HHDI","GROSSADJ","USD_CAP","A","2007",13959.6065670771,
"LTU","HHDI","GROSSADJ","USD_CAP","A","2008",15823.2323336808,
"LTU","HHDI","GROSSADJ","USD_CAP","A","2009",15040.6753266551,
"LTU","HHDI","GROSSADJ","USD_CAP","A","2010",16206.7324319268,
"LTU","HHDI","GROSSADJ","USD_CAP","A","2011",17293.5748328713,
"LTU","HHDI","GROSSADJ","USD_CAP","A","2012",18333.5478353043,
"LTU","HHDI","GROSSADJ","USD_CAP","A","2013",19736.4197762918,
"LTU","HHDI","GROSSADJ","USD_CAP","A","2014",20332.6277580693,
"LTU","HHDI","GROSSADJ","USD_CAP","A","2015",21186.4224513898,
"LTU","HHDI","GROSSADJ","USD_CAP","A","2016",23290.2509387044,
"LTU","HHDI","GROSSADJ","USD_CAP","A","2017",24464.7840278734,
"LTU","HHDI","GROSSADJ","USD_CAP","A","2018",25808.3818038189,
"LTU","HHDI","GROSSADJ","USD_CAP","A","2019",28781.8264276591,
"LTU","HHDI","GROSSADJ","USD_CAP","A","2020",30631.798214174,
"LTU","HHDI","GROSSADJ","USD_CAP","A","2021",30873.7711526665,
"CRI","HHDI","GROSSADJ","USD_CAP","A","2012",11946.2853408554,
"CRI","HHDI","GROSSADJ","USD_CAP","A","2013",12262.593207226,
"CRI","HHDI","GROSSADJ","USD_CAP","A","2014",12876.2954137459,
"CRI","HHDI","GROSSADJ","USD_CAP","A","2015",13519.5879422945,
"CRI","HHDI","GROSSADJ","USD_CAP","A","2016",14675.8886312115,
"CRI","HHDI","GROSSADJ","USD_CAP","A","2017",16130.4937390182,
"CRI","HHDI","GROSSADJ","USD_CAP","A","2018",16619.155337857,
"CRI","HHDI","GROSSADJ","USD_CAP","A","2019",17161.1236227347,
"CRI","HHDI","GROSSADJ","USD_CAP","A","2020",16331.3805395522,
